t_local,ship_inbound,ship_length,ship_width,ship_draft,ship_sp_abs,ship_sp_rel,ship_acc,ship_blockage,ship_Fr,ship_dist_inst,ship_dist_shore,track_raw_dx,tidal_stage,tidal_current_wrt_ship,channel_top_width,channel_max_depth,channel_mean_depth,channel_cs,depression,H,peak_vel_withship,peak_vel_agship,peak_vel_onshore,peak_vel_offshore,peak_Efmag_long,peak_Efmag_cross,peak_Efmag_total,wave_energy,track_raw_nMC,track_raw_nUSACE
10/06/2017 14:25:31,1,145,24,7.67,5,5.96,0.08,0.0332,0.487,265,303,1027,-0.76,-0.96,608,15.27,9.2,5596,9,16,32,4,14,13,0.76,0.24,0.78,0.05,3,0
10/06/2017 15:27:17,1,294,32,11.15,5.87,6.36,0.302,0.0674,0.528,293,323,54,-1.22,-0.49,595,14.81,8.94,5323,52,86,95,102,58,32,10.36,3.52,10.37,0.7,3,57
10/06/2017 22:44:45,1,180,32,8.2,6.52,7.22,0.041,0.0387,0.556,299,378,61,1.17,-0.7,667,17.2,10.22,6830,17,35,21,35,9,14,4.3,0.93,4.35,0.14,2,56
10/07/2017 03:10:52,0,210,30,8.84,6.03,5.53,0.198,0.0494,0.457,295,327,45,-1.11,0.5,596,14.92,9.02,5388,16,22,21,27,9,9,0.73,0.34,0.74,0.04,5,77
10/07/2017 03:35:27,1,325,43,10.9,5.79,6.17,0.024,0.0886,0.513,271,300,51,-1.31,-0.38,592,14.71,8.89,5266,78,113,90,131,104,56,14.78,8.18,15.45,1.13,5,61
10/07/2017 06:41:38,1,300,40,11.76,7.62,6.74,0.072,0.0792,0.541,269,319,799,-0.2,0.88,630,15.82,9.42,5941,63,100,67,107,57,53,13.34,6.77,13.44,1.07,4,0
10/07/2017 12:07:17,0,294,32,10.39,5.76,4.77,-0.257,0.0509,0.372,295,371,46,0.78,0.99,659,16.81,9.96,6573,15,35,17,37,14,22,4.72,0.55,4.72,0.15,6,73
10/07/2017 18:52:59,0,222,30,8.66,6.21,6.94,0.053,0.0447,0.561,283,328,784,-0.41,-0.73,618,15.62,9.4,5813,34,46,9,55,25,28,9.5,2.23,9.58,0.35,4,0
10/07/2017 19:30:49,1,334,43,10.85,6.81,5.96,-0.038,0.0763,0.475,308,365,576,0.02,0.85,637,16.05,9.53,6081,48,74,49,79,25,30,6.74,3.3,6.75,0.63,5,0
10/07/2017 21:08:54,0,180,32,7.8,5.73,6.54,-0.063,0.0378,0.508,288,366,56,0.9,-0.81,662,16.93,10.04,6652,18,31,9,30,11,11,3.96,0.92,4.02,0.13,7,55
10/07/2017 23:53:58,0,300,40,11.76,7.25,6.6,0.276,0.0708,0.512,285,363,42,0.88,0.65,661,16.91,10.03,6641,50,82,28,80,37,41,9.59,5.91,11.21,0.9,2,96
10/08/2017 02:10:38,0,145,24,6.65,7.87,6.52,-0.006,0.0273,0.524,295,343,47,-0.27,1.35,627,15.76,9.39,5900,12,18,6,23,12,12,0.85,0.46,0.86,0.04,5,68
10/08/2017 09:09:51,1,337,48,11.89,6.61,5.63,-0.035,0.0864,0.437,299,377,68,0.87,0.98,660,16.89,10.03,6631,43,68,45,73,20,27,8.66,2.19,8.85,0.6,5,42
10/08/2017 09:52:58,1,279,40,12.37,6.85,5.94,0.092,0.0735,0.458,288,367,823,1.1,0.91,663,17.13,10.22,6785,37,65,52,71,20,27,9.35,2.96,9.41,0.63,4,0
10/08/2017 14:52:09,0,300,43,10.39,5.17,4.2,-0.021,0.075,0.338,316,366,51,-0.22,0.96,629,15.8,9.41,5927,12,19,7,28,11,7,0.85,0.12,0.85,0.06,5,61
10/08/2017 17:54:07,0,334,43,11.66,5.61,5.81,0.26,0.0954,0.485,306,334,28,-1.37,-0.2,591,14.65,8.84,5230,36,52,32,92,20,21,4.45,1.32,4.51,0.26,6,138
10/08/2017 19:49:49,0,325,43,10.69,5.95,6.69,-0.024,0.0778,0.538,295,342,65,-0.29,-0.74,627,15.74,9.38,5886,113,163,78,182,54,62,42.08,9.9,42.75,3.12,3,46
10/08/2017 20:24:23,1,328,45,12.09,6.04,5.14,0.099,0.0892,0.409,270,328,34,0.09,0.9,639,16.11,9.58,6124,49,74,48,94,26,28,9.99,1.99,10.01,0.7,5,104
10/08/2017 20:54:43,1,294,40,12.34,6.51,5.74,0.041,0.0781,0.452,294,359,66,0.4,0.77,647,16.43,9.77,6325,40,60,28,62,15,20,4.99,1.38,5,0.43,4,49
10/09/2017 00:13:15,0,279,40,12.29,5.98,5.49,0.019,0.0738,0.425,271,349,618,0.99,0.49,662,17.02,10.13,6714,37,57,13,69,28,21,6.82,2.09,6.82,0.61,5,0
10/09/2017 10:52:57,1,367,43,12.57,6.34,5.51,-0.169,0.0795,0.425,279,358,43,1.11,0.83,664,17.14,10.21,6792,49,81,58,82,23,28,14.43,3.34,14.66,0.79,7,80
10/09/2017 15:23:46,1,243,32,9.83,5.56,6.8,-0.019,0.0526,0.544,287,341,54,-0.08,-1.24,633,15.94,9.49,6017,24,36,24,51,14,15,6.59,1.45,6.74,0.2,8,65
10/10/2017 01:49:12,1,318,43,10.54,5.95,6.63,0.068,0.0698,0.518,282,354,58,0.64,-0.68,655,16.67,9.89,6482,48,75,51,86,41,25,19.12,4.49,19.56,0.71,8,52
10/10/2017 03:26:47,1,260,32,10.82,6.09,7.4,-0.022,0.0583,0.593,297,350,64,-0.13,-1.31,632,15.9,9.45,5985,49,73,50,94,34,26,16.69,3.84,16.99,0.73,8,44
10/10/2017 03:46:08,0,299,40,11.28,6.86,5.62,-0.014,0.0769,0.453,269,316,110,-0.32,1.24,626,15.71,9.36,5869,46,68,19,98,43,34,7.31,3.55,7.78,0.73,7,28
10/10/2017 06:50:49,1,211,32,8.59,6.41,6.24,0.14,0.0533,0.522,266,292,59,-1.44,0.16,588,14.59,8.81,5192,40,69,84,68,32,25,5.54,1.84,5.63,0.36,7,53
10/10/2017 07:06:31,0,243,32,8.66,7.08,7.22,-0.087,0.0533,0.602,267,295,55,-1.37,-0.14,591,14.65,8.84,5231,81,104,43,132,80,58,12.34,5.49,12.96,0.96,7,62
10/10/2017 10:08:03,1,183,32,10.46,6.55,5.73,0.034,0.0531,0.451,266,332,70,0.44,0.82,647,16.46,9.79,6349,22,32,11,31,12,10,2.15,0.35,2.15,0.09,7,45
10/10/2017 18:47:26,0,211,32,8.66,7.56,7.25,-0.127,0.0531,0.604,303,332,45,-1.33,0.31,592,14.7,8.88,5257,68,95,35,108,58,65,8.18,5.18,8.99,0.75,5,73
10/10/2017 20:02:35,0,260,32,10.67,7.03,6.83,-0.09,0.0646,0.567,279,309,76,-1.21,0.2,595,14.81,8.94,5326,134,163,57,149,92,79,16.95,9.4,18.67,2.41,7,38
10/10/2017 20:36:23,0,140,25,6.4,6.27,6.76,0.039,0.029,0.555,281,315,62,-0.88,-0.49,602,15.15,9.16,5524,11,11,2,26,14,9,1.5,0.29,1.5,0.08,5,47
10/10/2017 22:37:04,0,318,43,11.66,5.37,6.14,0.102,0.0806,0.487,295,356,408,0.22,-0.78,642,16.24,9.66,6206,55,81,25,97,25,17,20.15,3.4,20.19,1.46,6,2
10/11/2017 00:11:25,1,106,19,5.94,5.88,5.24,-0.029,0.0174,0.409,287,363,59,0.77,0.64,659,16.79,9.94,6564,2,3,5,4,4,2,0.12,0.04,0.13,0,7,51
10/11/2017 05:15:48,1,161,25,8.66,6.15,6.9,0.011,0.0385,0.563,288,327,41,-0.71,-0.75,609,15.32,9.23,5629,22,34,28,50,13,16,4.21,0.99,4.27,0.12,7,70
10/11/2017 09:46:13,1,200,32,11.28,5.85,5.11,0.067,0.0631,0.414,265,308,58,-0.48,0.74,616,15.54,9.36,5767,19,30,23,38,12,18,1.84,0.7,1.84,0.11,6,48
10/11/2017 15:02:15,0,183,32,6.25,6.28,5.72,0.057,0.0303,0.444,299,378,58,0.9,0.56,662,16.92,10.03,6649,13,22,17,21,6,10,1.85,0.64,1.87,0.07,7,48
10/11/2017 16:13:59,1,243,32,8.15,6,7.06,0.009,0.0416,0.557,282,346,67,0.38,-1.06,646,16.4,9.76,6309,22,36,35,44,13,13,7.12,1.41,7.25,0.21,8,41
10/12/2017 01:46:22,0,294,32,10.52,6,6.41,-0.038,0.0515,0.499,262,339,836,0.79,-0.41,660,16.82,9.96,6581,40,71,21,70,26,32,8.13,2.31,8.34,0.65,4,0
10/12/2017 02:44:43,1,146,24,6.17,6.57,6.66,0.035,0.0223,0.519,307,383,37,0.77,-0.09,659,16.8,9.95,6568,6,12,11,6,10,6,0.84,0.19,0.84,0.02,5,92
10/12/2017 08:13:00,1,210,30,9.5,6.17,6.58,0.161,0.0546,0.548,295,324,46,-1.33,-0.41,592,14.69,8.87,5255,30,50,64,61,23,20,4.59,0.83,4.6,0.25,7,91
10/12/2017 08:36:35,0,243,32,8.79,7,6.72,0.021,0.0539,0.56,268,296,56,-1.35,0.28,591,14.68,8.87,5245,72,96,40,120,66,51,9.15,4.92,9.85,0.9,7,55
10/12/2017 11:04:55,1,294,32,10.67,6.76,6.01,0.013,0.0583,0.484,320,369,65,-0.28,0.75,627,15.75,9.38,5892,26,44,39,59,15,16,3.96,1.07,3.97,0.29,6,54
10/12/2017 15:07:57,1,325,43,10.26,6.44,6.47,0.033,0.0648,0.499,347,426,66,1.09,-0.04,663,17.12,10.21,6780,30,55,52,57,20,14,9.2,1.74,9.22,0.46,6,46
10/12/2017 17:16:46,0,173,26,9.75,8.27,7.3,-0.149,0.0394,0.576,271,336,49,0.38,0.97,646,16.41,9.76,6311,35,54,6,51,31,28,3.58,4.3,4.33,0.35,6,70
10/13/2017 00:41:22,0,210,30,10.16,6.72,7.36,-0.011,0.0497,0.584,278,338,123,0.16,-0.64,640,16.19,9.62,6170,45,64,24,83,36,41,12.76,5.33,13.44,0.79,7,25
10/13/2017 04:11:54,1,333,43,10.97,7.44,7.81,0.249,0.0714,0.608,291,367,437,0.78,-0.37,659,16.81,9.96,6573,103,155,104,140,64,92,49.33,28.13,56.48,2.88,7,0
10/13/2017 10:04:37,0,320,43,10.19,6.55,6.7,-0.128,0.0813,0.554,256,287,36,-1.13,-0.15,596,14.89,9,5372,139,181,73,199,100,74,21.14,9.22,22.89,3.17,7,100
10/13/2017 15:15:45,1,335,46,12.57,6.41,5.85,-0.092,0.0842,0.45,298,377,456,1.18,0.56,668,17.21,10.22,6837,47,85,65,89,36,24,15.94,5.75,16.2,1.04,7,0
10/13/2017 18:31:32,0,172,28,8.97,7.38,6.41,0.157,0.0384,0.502,271,342,480,0.62,0.96,653,16.64,9.89,6466,17,30,5,28,15,13,2.76,0.96,2.78,0.11,6,0
10/13/2017 22:13:42,0,183,30,7.01,7.22,6.83,-0.018,0.0376,0.56,277,312,45,-0.85,0.39,604,15.18,9.17,5542,31,44,12,52,25,26,2,1.9,2.6,0.2,7,82
10/13/2017 23:15:13,1,204,32,8.53,6.51,6.24,0.026,0.0494,0.51,262,299,65,-0.79,0.28,606,15.24,9.19,5578,48,74,62,83,45,33,9.94,3.38,10.06,0.43,7,41
10/14/2017 02:31:39,0,212,30,8.89,6.33,6.88,0.034,0.0409,0.538,272,344,70,0.62,-0.55,654,16.65,9.89,6471,25,43,15,50,22,19,5.99,1.79,6.02,0.3,7,41
10/14/2017 04:52:10,1,220,32,8.59,7.03,7.11,0.09,0.041,0.549,272,351,64,1.09,-0.08,663,17.12,10.2,6778,19,35,33,35,14,14,4.84,1.19,4.91,0.15,6,58
10/14/2017 08:22:56,1,193,28,8.86,5.31,6.17,0.094,0.0411,0.494,291,344,42,-0.12,-0.86,632,15.91,9.47,5992,16,24,18,35,11,7,3.13,0.53,3.18,0.11,9,86
10/14/2017 08:44:05,0,285,40,11.58,6.94,6.08,0.133,0.0789,0.489,279,327,472,-0.31,0.87,627,15.72,9.36,5874,48,72,31,77,38,34,6.71,3.9,7.28,0.42,6,0
10/14/2017 09:49:55,1,270,35,9.35,6.4,6.84,0.107,0.0589,0.56,273,309,62,-0.82,-0.44,604,15.2,9.18,5558,85,135,97,109,103,38,18.55,10.29,18.68,1.46,7,51
10/14/2017 15:44:49,0,335,43,12.22,4.81,5.5,-0.239,0.0775,0.425,303,382,31,1.05,-0.69,663,17.07,10.16,6748,43,74,32,79,40,16,15.94,3.31,16.03,0.77,10,93
10/14/2017 18:04:12,0,220,32,8.56,6.02,5.74,-0.131,0.0408,0.443,284,363,417,1.09,0.29,663,17.12,10.21,6780,15,26,10,28,15,9,1.65,0.64,1.65,0.12,7,0
10/14/2017 18:56:34,0,294,32,11.46,6.81,6.01,0.108,0.0563,0.468,292,369,62,0.76,0.8,659,16.78,9.93,6557,27,48,15,56,22,19,5.23,1.23,5.24,0.35,6,47
10/14/2017 20:15:40,0,335,46,12.57,7.08,5.94,-0.116,0.093,0.471,282,342,465,0.19,1.14,641,16.22,9.65,6192,68,109,24,114,55,46,13.4,7.07,14.52,1.42,7,0
10/14/2017 20:49:28,0,366,48,11.28,6.83,5.75,0.046,0.0902,0.46,296,350,59,-0.07,1.08,634,15.96,9.49,6023,75,113,27,120,49,41,16.02,6.34,16.57,1.42,7,52
10/15/2017 01:12:20,0,270,35,10.26,7.31,7.85,-0.024,0.0626,0.637,291,333,43,-0.52,-0.54,614,15.5,9.34,5741,139,170,56,189,69,130,42.17,22.63,46.61,3.19,6,72
10/15/2017 03:50:57,1,299,48,11.38,7.12,6.42,-0.014,0.0835,0.5,269,346,92,0.77,0.7,659,16.8,9.94,6565,71,113,66,101,44,60,19.48,13.36,23.19,1.34,6,29
10/15/2017 04:10:39,1,302,43,12.34,6.81,6.13,-0.032,0.0808,0.476,263,341,67,0.86,0.68,660,16.89,10.03,6627,46,70,53,71,24,33,10.64,5.03,11.72,0.65,7,45
10/15/2017 04:44:16,1,292,32,11,7.51,7.03,0.2,0.0529,0.544,256,335,478,0.99,0.48,662,17.02,10.13,6715,65,96,61,81,28,43,20.04,9.18,21.8,1.01,6,0
10/15/2017 08:44:42,1,334,43,11,5.76,6.81,0.02,0.0768,0.541,283,342,57,0.12,-1.05,639,16.15,9.6,6146,89,138,95,169,80,45,42.52,10.49,42.97,2.52,8,53
10/15/2017 21:54:25,0,193,28,8.46,7.78,6.62,-0.003,0.0396,0.531,278,328,487,-0.21,1.16,630,15.82,9.41,5935,24,38,9,41,26,24,1.53,1.7,2.04,0.17,7,0
10/16/2017 03:01:39,1,292,32,11.76,7.66,6.98,0.18,0.064,0.56,291,342,70,-0.2,0.69,631,15.83,9.41,5941,70,113,86,102,58,59,20.01,9.19,20.03,1.34,6,91
10/16/2017 04:12:54,1,294,32,10.19,6.77,6.09,0.057,0.0514,0.478,297,364,69,0.48,0.69,649,16.51,9.81,6378,22,35,25,45,8,13,2.83,0.83,2.83,0.18,6,43
10/16/2017 04:29:43,0,292,32,11.76,6.33,7.1,0.115,0.0589,0.556,290,360,406,0.59,-0.78,652,16.62,9.88,6450,53,93,38,95,32,46,20.05,4.21,20.22,1.24,8,0
10/16/2017 05:54:47,0,334,43,11.61,5.27,5.72,0.079,0.0738,0.442,275,354,54,1.03,-0.45,663,17.06,10.14,6738,39,53,8,72,20,9,10.47,2.25,10.55,0.53,9,56
10/16/2017 12:07:49,0,200,32,7.01,7.34,6.89,-0.081,0.0426,0.572,291,321,42,-1.24,0.45,593,14.79,8.94,5310,36,54,4,63,27,27,2.5,1.53,2.66,0.24,7,81
10/16/2017 12:46:42,0,302,43,12.37,4.67,4.3,-0.135,0.1025,0.358,294,322,45,-1.36,0.37,591,14.66,8.85,5236,25,39,10,50,10,14,1.19,0.44,1.19,0.16,10,65
10/16/2017 13:05:24,0,334,43,10.8,4.49,4.68,-0.053,0.0884,0.39,316,344,45,-1.36,-0.19,591,14.67,8.86,5241,19,32,4,47,8,6,1.19,0.15,1.2,0.12,10,68
10/16/2017 14:49:05,1,200,32,9.5,6.66,6.01,0.013,0.0536,0.488,267,308,60,-0.57,0.65,613,15.46,9.31,5714,19,30,23,37,12,8,2.36,0.44,2.37,0.08,6,50
10/16/2017 15:27:47,1,300,48,11.68,6.77,6.02,0.023,0.0943,0.482,277,329,68,-0.15,0.75,631,15.87,9.45,5972,72,107,79,134,48,55,17.43,7.96,17.65,1.32,6,44
10/16/2017 15:48:16,1,325,43,9.58,7.02,6.23,0.065,0.067,0.496,286,343,47,0.07,0.78,638,16.1,9.57,6114,39,72,74,79,18,29,13.21,2.45,13.22,0.72,7,64
10/16/2017 17:40:38,0,108,18,5.79,4.64,5.39,-0.042,0.0158,0.417,278,356,48,0.95,-0.75,662,16.97,10.08,6682,1,1,6,3,2,7,0.07,0.04,0.08,0,10,59
10/16/2017 19:47:22,1,146,24,9.53,6.13,6.74,0.081,0.0334,0.52,291,370,61,1.09,-0.61,663,17.11,10.2,6775,8,17,13,14,6,6,1.48,0.16,1.49,0.03,7,51
10/17/2017 01:54:08,1,241,32,10.19,6.67,6.32,0.092,0.0603,0.521,281,314,426,-1.01,0.36,599,15.01,9.08,5445,79,122,95,115,89,37,14.82,7.89,14.96,0.95,7,0
10/17/2017 03:28:23,0,200,32,9.27,5.44,6.15,0.05,0.0499,0.493,308,361,55,-0.13,-0.71,632,15.9,9.46,5988,22,32,12,46,13,16,6.01,1.02,6.02,0.18,8,50
10/17/2017 03:48:09,1,261,32,9.75,7.52,6.82,0.062,0.0513,0.542,279,337,46,0.09,0.71,639,16.12,9.58,6129,44,64,44,63,33,31,5.84,3.67,5.85,0.49,6,70
10/17/2017 04:34:30,0,292,32,11.58,6.08,6.78,0.026,0.0582,0.531,274,343,47,0.57,-0.69,651,16.6,9.87,6438,62,100,33,110,41,36,27.43,6.52,27.69,1.42,7,65
10/17/2017 07:05:38,1,304,40,9.45,8.1,7.7,0.332,0.0545,0.59,325,405,49,1.36,0.4,684,17.38,10.16,6957,66,105,62,73,39,48,18.63,10.42,20.62,1.23,6,60
10/17/2017 08:11:14,0,300,40,9.47,6.85,6.49,0.219,0.0547,0.498,295,375,55,1.31,0.36,683,17.34,10.13,6926,45,83,32,74,29,35,10.55,3.41,10.83,0.85,7,63
10/17/2017 10:09:17,0,300,40,11.43,7.14,6.01,0.101,0.0703,0.47,263,336,58,0.67,1.12,655,16.7,9.91,6502,63,100,24,99,57,44,11.14,9.66,14.52,1.22,6,69
10/17/2017 10:44:37,1,243,32,9.07,5.57,6.84,-0.017,0.0461,0.539,296,362,387,0.42,-1.27,647,16.45,9.79,6338,22,35,35,48,13,13,6.67,1,6.74,0.18,8,0
10/17/2017 10:53:57,0,325,43,9.96,7.44,6.4,0.103,0.0678,0.505,286,350,44,0.34,1.05,645,16.37,9.73,6285,54,89,23,90,53,36,8.33,6.5,10.46,0.95,7,77
10/17/2017 13:31:32,1,129,17,5.51,5.82,6.15,0.179,0.0171,0.503,321,358,58,-0.81,-0.33,605,15.21,9.18,5564,3,6,9,4,9,6,0.26,0.06,0.26,0,6,49
10/17/2017 16:11:03,1,337,48,12.07,5.59,4.86,0.083,0.0968,0.388,294,348,57,-0.08,0.73,634,15.95,9.49,6021,21,34,36,61,13,19,4.11,0.44,4.12,0.21,7,51
10/17/2017 16:29:53,1,180,30,6.96,6.96,6.15,0.196,0.034,0.489,297,356,58,0.12,0.8,639,16.14,9.6,6144,8,12,24,23,9,5,1.09,0.28,1.11,0.05,7,55
10/17/2017 21:15:55,0,243,32,8.66,6.72,6.04,0.105,0.0404,0.463,259,339,66,1.27,0.68,679,17.3,10.14,6898,21,40,16,42,19,18,4.07,0.73,4.09,0.18,7,53
10/17/2017 22:32:38,1,304,40,10.69,5.69,6.91,0.005,0.0655,0.539,261,336,58,0.71,-1.22,658,16.74,9.91,6527,35,58,45,68,26,25,14.17,3.76,14.64,0.47,8,48
10/18/2017 00:09:58,0,185,26,9.75,7.56,6.55,-0.134,0.0417,0.524,290,342,45,-0.11,1.02,632,15.91,9.47,5998,20,31,8,36,18,17,1.45,1.06,1.46,0.13,6,68
10/18/2017 02:23:28,1,318,43,9.35,6.03,5.58,0.147,0.0733,0.459,271,304,395,-0.96,0.45,600,15.07,9.11,5477,62,113,107,123,61,32,15.06,4.83,15.11,1.07,8,0
10/18/2017 08:10:08,0,302,43,11.73,5.8,6.03,0.011,0.0732,0.462,273,353,58,1.36,-0.23,684,17.39,10.16,6960,47,73,17,79,23,17,13.95,3.64,13.95,0.9,8,51
10/18/2017 08:34:06,1,332,43,11.81,6.46,6.5,0.005,0.0731,0.497,303,382,61,1.38,-0.05,685,17.41,10.17,6976,21,34,19,57,5,13,6.25,0.7,6.26,0.28,7,53
10/18/2017 08:49:52,0,300,48,10.39,5.75,5.55,0.05,0.0718,0.425,283,362,57,1.38,0.19,685,17.4,10.16,6970,52,83,23,94,34,20,15.29,2.93,15.33,1.16,8,51
10/18/2017 10:22:43,1,154,25,9.07,5.34,6.28,0.2,0.0339,0.486,261,339,59,0.95,-0.94,662,16.98,10.09,6685,12,18,22,17,15,7,2.47,0.22,2.48,0.05,6,50
10/18/2017 17:46:51,1,260,32,9.07,7.2,6.53,0.011,0.0461,0.514,319,385,43,0.41,0.68,647,16.44,9.78,6334,18,25,22,33,7,7,1.39,0.71,1.4,0.11,4,74
10/18/2017 20:36:25,0,304,40,9.96,6.15,6.26,-0.019,0.0571,0.479,280,360,62,1.38,-0.11,685,17.41,10.17,6973,34,53,10,59,25,18,7.47,1.99,7.5,0.51,5,45
10/18/2017 21:43:24,0,299,40,11.28,6.67,6.17,0.19,0.0652,0.473,252,332,717,1.29,0.51,682,17.32,10.13,6915,35,67,28,64,31,41,8.54,4.78,9.71,0.51,5,0
10/18/2017 22:11:03,0,199,31,7.92,6.67,5.97,-0.016,0.0357,0.461,276,355,576,1.11,0.69,664,17.13,10.21,6789,18,28,2,28,2,16,1.4,1.02,1.41,0.12,5,0
10/18/2017 22:44:16,0,337,48,12.27,6.76,5.83,0.157,0.0895,0.453,274,351,623,0.85,0.93,660,16.88,10.01,6618,52,87,23,96,26,44,10.72,4.69,11.43,1.05,5,0
10/18/2017 23:53:42,0,129,17,6.93,7.52,6.26,0.014,0.0192,0.495,276,339,49,0.3,1.26,644,16.33,9.7,6260,7,12,7,13,10,9,0.89,0.15,0.89,0.02,5,85
10/19/2017 00:43:27,0,318,43,10.08,6.29,5.29,0.225,0.0722,0.424,263,315,37,-0.12,0.99,632,15.91,9.47,5993,32,46,-2,55,20,17,2.39,1.16,2.55,0.26,5,88
10/19/2017 01:04:51,1,353,43,11.76,5.36,6.1,0.051,0.0859,0.492,284,331,80,-0.33,-0.74,626,15.69,9.35,5859,53,84,76,102,48,32,16.53,4.43,17.03,0.7,8,35
10/19/2017 01:45:16,0,241,32,8.74,7.64,7.19,-0.061,0.0499,0.585,284,324,58,-0.67,0.45,611,15.36,9.25,5654,57,79,24,84,44,52,6.9,5.76,8.63,0.63,4,141
10/19/2017 06:13:37,1,277,40,12.19,6.92,6.18,0.088,0.0761,0.485,283,352,42,0.54,0.74,651,16.57,9.85,6415,33,51,35,68,13,23,5.21,1.41,5.26,0.42,5,80
10/19/2017 08:13:47,0,332,43,10.74,6.4,7.04,0.177,0.0672,0.54,297,377,63,1.28,-0.64,681,17.31,10.13,6906,72,120,50,126,45,39,32.75,6.18,32.77,1.73,7,53
10/19/2017 09:14:06,1,270,35,9.75,5.59,5.74,-0.14,0.0488,0.439,322,402,498,1.41,-0.15,687,17.43,10.17,6992,32,62,52,43,29,26,6.93,3.34,7.02,0.52,6,0
10/19/2017 15:14:34,1,294,33,11.51,3.68,3.62,0.389,0.0696,0.299,276,308,439,-1.08,0.06,597,14.95,9.04,5404,14,23,23,38,8,11,1.8,0.26,1.81,0.08,8,0
10/19/2017 19:55:24,0,277,40,11.2,6.13,6.84,0.105,0.0667,0.529,283,362,41,1.01,-0.71,662,17.04,10.15,6724,46,75,38,84,31,35,17.25,3.58,17.29,1.08,5,91
10/19/2017 22:36:46,0,353,43,11.13,6.68,6.01,0.098,0.0712,0.466,286,364,602,0.95,0.66,662,16.98,10.09,6688,45,82,34,86,29,16,11.7,2.92,11.73,0.64,6,0
10/20/2017 00:30:50,1,175,28,7.7,6,7.32,0.036,0.0352,0.583,284,342,61,0.04,-1.32,638,16.07,9.55,6096,19,31,20,34,14,13,4.36,1.04,4.43,0.11,4,51
10/20/2017 04:20:56,1,228,32,9.5,6.03,5.73,-0.056,0.0568,0.473,261,293,636,-1.08,0.3,597,14.94,9.03,5402,36,57,49,71,34,19,4.95,1.33,4.96,0.37,5,0
10/20/2017 08:03:42,0,294,33,10.97,5.37,6.21,-0.01,0.0535,0.481,299,378,53,0.98,-0.84,662,17,10.11,6702,27,43,4,51,22,8,7.09,2.09,7.19,0.33,9,57
10/20/2017 12:34:31,1,277,40,10.57,5.51,6.78,0.167,0.0674,0.535,291,354,360,0.32,-1.26,645,16.35,9.72,6275,20,34,28,44,20,14,5.76,1.31,5.91,0.18,8,0
10/20/2017 13:06:04,1,294,32,10.69,4.74,6.02,0.103,0.0564,0.48,272,330,47,0.06,-1.28,638,16.09,9.56,6106,18,27,35,44,11,11,4.65,0.85,4.72,0.16,10,67
10/20/2017 14:14:09,0,228,32,9.45,7.37,6.59,0.035,0.0534,0.535,274,315,43,-0.57,0.78,613,15.45,9.3,5711,40,52,16,60,38,36,3.22,3.38,4.49,0.32,7,74
10/20/2017 15:10:57,1,306,40,10.08,5.75,6.42,0.142,0.0741,0.529,282,315,75,-1.01,-0.67,599,15.02,9.08,5445,59,91,98,88,48,25,11.54,3.77,11.86,0.65,9,40
10/20/2017 20:32:07,0,275,40,12.29,5.85,6.54,0.082,0.074,0.508,286,364,58,0.89,-0.69,662,16.92,10.03,6647,44,70,25,88,30,30,15.48,4,15.54,1,8,55
10/21/2017 00:24:46,0,210,30,8.05,7.92,6.97,-0.099,0.0386,0.55,289,352,509,0.31,0.95,644,16.33,9.71,6265,35,52,15,47,37,27,3.09,3.82,3.9,0.3,6,0
10/21/2017 03:06:02,0,180,30,10.16,5.81,5.4,-0.05,0.0561,0.445,287,319,398,-1.03,0.4,598,15,9.08,5434,24,33,18,37,16,12,0.89,0.6,0.89,0.11,8,0
10/21/2017 04:11:22,1,300,43,10.97,5.77,5.53,0.238,0.0889,0.459,300,330,51,-1.24,0.25,593,14.79,8.94,5309,42,70,110,94,33,27,8.29,2.63,8.69,0.74,8,62
10/21/2017 05:15:23,1,222,30,8.33,7.05,6.58,0.122,0.0454,0.541,277,311,490,-0.92,0.47,601,15.11,9.14,5503,41,61,46,65,44,29,4.82,2.42,4.84,0.3,6,0
10/21/2017 07:12:39,1,185,24,5.99,7.14,6.41,0.137,0.0229,0.508,323,384,46,0.22,0.73,643,16.25,9.65,6211,9,12,13,12,6,6,0.64,0.2,0.65,0.02,7,63
10/21/2017 12:03:01,0,294,32,11,7.48,6.77,0.06,0.0539,0.527,273,350,44,0.78,0.71,659,16.81,9.96,6574,62,96,27,102,49,36,12.69,8.3,15,1.2,6,69
10/21/2017 15:26:43,1,323,43,11.28,4.76,5.25,-0.049,0.0875,0.431,293,327,64,-0.89,-0.5,602,15.13,9.15,5516,44,65,72,79,29,20,8.97,1.93,8.98,0.62,8,52
10/21/2017 18:50:07,0,306,40,10.46,5.64,6.41,-0.022,0.0713,0.517,266,313,385,-0.31,-0.77,626,15.71,9.37,5871,72,103,38,123,32,41,27.81,4.99,28,1.45,8,0
10/21/2017 19:26:40,0,300,43,10.46,5.1,5.62,-0.261,0.0738,0.448,275,333,345,0.05,-0.53,638,16.07,9.55,6099,63,93,42,111,29,35,20.36,3.45,20.36,1.33,9,0
10/21/2017 19:45:10,1,304,40,10.24,6.91,6.22,0.152,0.0663,0.493,322,382,469,0.2,0.69,641,16.22,9.65,6195,18,41,33,66,15,15,4.56,1.3,4.56,0.34,6,0
10/21/2017 20:02:37,0,335,46,12.22,5.14,5.76,0.101,0.0889,0.454,306,370,333,0.35,-0.62,646,16.38,9.73,6294,45,70,10,93,23,40,16.41,2.03,16.41,1.03,9,0
10/21/2017 21:28:12,1,349,46,10.87,6.23,5.66,-0.149,0.0745,0.439,274,352,59,0.93,0.57,662,16.95,10.07,6669,30,44,31,57,17,17,5.68,0.9,5.69,0.36,8,48
10/21/2017 21:45:53,0,277,40,9.86,6.31,6.77,-0.008,0.0588,0.524,257,335,416,0.97,-0.46,662,17,10.11,6701,43,75,22,80,38,32,12.5,3.07,12.65,0.79,8,0
10/22/2017 05:05:37,1,294,32,10.77,3.98,4.24,-0.024,0.0645,0.351,286,317,281,-1.13,-0.26,596,14.9,9,5374,8,12,8,20,3,12,0.49,0.13,0.5,0.03,11,0
10/22/2017 05:54:12,0,243,32,8.74,6.24,6.69,0.037,0.0505,0.547,271,307,62,-0.81,-0.44,605,15.22,9.19,5568,56,74,31,90,36,38,13.31,3.62,13.4,0.62,7,44
10/22/2017 07:03:59,0,180,30,7.92,5.68,6.36,0.026,0.0401,0.511,296,346,56,-0.21,-0.68,630,15.82,9.41,5936,20,29,17,41,16,9,4.01,0.98,4.04,0.15,8,50
10/23/2017 01:48:23,0,304,40,11.46,7.24,6.45,0.025,0.0755,0.514,275,331,472,0.02,0.79,637,16.05,9.54,6082,72,109,31,111,63,52,13.74,9.62,16.35,1.35,6,0
10/23/2017 02:24:52,0,294,32,11.89,6.41,5.51,-0.042,0.0647,0.443,261,311,432,-0.25,0.9,628,15.78,9.4,5913,42,60,18,72,34,22,5.18,2.18,5.24,0.46,7,0
10/23/2017 03:11:44,0,353,43,11.68,6.52,5.83,-0.045,0.088,0.474,290,331,43,-0.62,0.69,612,15.4,9.28,5680,85,116,46,154,65,49,19.22,6.38,19.96,1.6,7,71
10/23/2017 03:32:31,0,335,43,11.46,5.03,4.29,0.001,0.0878,0.351,275,313,51,-0.79,0.74,607,15.24,9.19,5581,31,45,17,62,17,10,2.63,0.6,2.64,0.27,8,56
10/23/2017 03:50:40,1,294,33,10.77,5.98,6.42,0.126,0.0649,0.527,275,309,393,-0.91,-0.44,602,15.11,9.13,5505,61,103,98,113,43,32,14.01,3.54,14.2,1.18,8,0
10/23/2017 04:23:56,1,335,46,10.85,5.81,6.12,-0.207,0.0917,0.505,271,302,51,-1.1,-0.3,596,14.93,9.04,5396,62,94,97,89,93,35,10.99,5.36,11.58,0.62,8,57
10/23/2017 07:26:15,1,292,32,11.71,6.71,6.17,-0.008,0.065,0.498,314,359,46,-0.38,0.54,620,15.64,9.39,5827,38,57,46,74,20,23,5.47,1.72,5.49,0.39,7,76
10/23/2017 07:52:09,1,337,46,11.89,6.72,6.16,0.034,0.0908,0.494,313,365,67,-0.16,0.56,631,15.87,9.44,5967,57,84,66,104,34,37,11.38,4.27,11.38,0.79,7,40
10/23/2017 11:56:56,0,349,46,10.57,6.86,6.75,0.097,0.0723,0.523,315,393,55,0.95,0.11,662,16.98,10.09,6688,67,111,39,113,39,26,21.39,5.91,21.67,2.08,7,67
10/23/2017 20:21:39,1,337,48,11.89,6.32,5.83,-0.014,0.0977,0.469,293,341,63,-0.3,0.49,627,15.73,9.37,5879,60,96,71,99,34,31,14.49,3.81,14.68,1.19,7,43
10/23/2017 21:28:46,1,143,23,8.59,6.66,6.18,0.066,0.0322,0.491,295,354,450,0.14,0.49,639,16.17,9.62,6159,8,13,7,21,5,5,0.57,0.37,0.59,0.03,7,0
10/24/2017 01:46:59,0,294,33,10.36,6.7,6.13,-0.062,0.0566,0.489,287,343,47,0.01,0.57,637,16.04,9.53,6076,33,51,7,57,29,22,3.34,2.35,3.47,0.35,7,68
10/24/2017 02:30:58,0,300,48,12.12,6.56,5.87,0.008,0.0995,0.473,276,323,459,-0.32,0.69,626,15.71,9.37,5870,108,158,58,167,69,64,24.03,12.57,25.96,2.66,6,0
10/24/2017 03:53:58,1,261,32,10.87,5.76,6.43,0.032,0.0632,0.527,263,298,58,-0.86,-0.67,604,15.17,9.16,5537,44,70,77,83,34,22,10.42,2.28,10.5,0.45,8,52
10/24/2017 04:28:22,1,211,32,8.05,6.47,6.84,0.077,0.048,0.565,291,323,427,-1.06,-0.37,598,14.96,9.04,5415,46,72,67,73,43,28,8.17,2.38,8.28,0.39,7,0
10/24/2017 05:23:41,0,335,46,11.4,5.32,5.54,0.014,0.0979,0.46,264,294,54,-1.24,-0.22,593,14.79,8.94,5309,57,80,38,120,34,26,9.92,1.74,10.03,0.75,8,51
10/24/2017 05:49:48,1,318,40,8.76,7.07,6.92,0.197,0.0661,0.574,283,313,49,-1.24,0.15,593,14.78,8.94,5307,108,166,119,104,145,76,20.39,13.07,20.74,1.62,7,82
10/24/2017 07:43:36,1,333,43,11.86,6.67,6.28,0.131,0.0902,0.512,320,359,30,-0.7,0.39,609,15.32,9.23,5631,76,126,91,134,56,45,19.48,5.8,19.52,1.27,8,111
10/24/2017 09:46:42,1,265,32,8.28,6.35,5.81,0.272,0.0429,0.46,286,347,62,0.25,0.54,643,16.27,9.68,6226,9,13,7,19,4,6,0.28,0.2,0.28,0.04,7,52
10/24/2017 10:43:00,0,306,40,11.53,5.04,5.64,-0.011,0.0717,0.442,279,349,132,0.56,-0.61,651,16.59,9.86,6432,36,57,14,72,22,14,9.12,1.11,9.14,0.53,8,17
10/24/2017 11:28:28,0,337,46,9.14,5.5,5.96,-0.148,0.0635,0.464,312,389,53,0.77,-0.46,659,16.79,9.94,6563,52,78,16,89,32,18,15.54,3.53,15.56,0.92,9,57
10/24/2017 20:46:27,0,318,40,8.76,6.85,7.33,0.116,0.0602,0.592,263,309,441,-0.38,-0.48,623,15.65,9.34,5829,100,133,53,170,60,86,37.45,14.04,38.99,2.45,7,0
10/24/2017 21:05:10,0,183,31,5.79,5.87,6.47,0.019,0.0303,0.52,302,351,68,-0.23,-0.6,628,15.79,9.41,5921,20,34,8,14,21,11,2.5,0.92,2.51,0.08,8,40
10/24/2017 21:14:43,0,265,32,8.28,5.83,6.35,0.072,0.0447,0.509,276,328,398,-0.15,-0.52,631,15.88,9.45,5974,31,47,21,48,25,16,6.95,1.64,6.96,0.27,7,0
10/24/2017 21:51:55,1,180,30,9.7,6.15,5.68,0.035,0.0475,0.452,263,321,68,0.09,0.46,639,16.12,9.58,6125,19,28,20,32,13,13,1.53,0.36,1.54,0.08,7,43
10/25/2017 01:29:43,0,337,48,11.96,6.17,5.9,0.071,0.093,0.467,276,338,60,0.23,0.27,643,16.26,9.66,6216,56,89,28,103,37,35,10.31,3.79,10.65,1.04,8,46
10/25/2017 04:28:28,0,261,32,11.3,7.04,6.44,0.029,0.0656,0.528,279,315,57,-0.84,0.6,604,15.18,9.17,5547,72,97,28,105,57,51,8.48,6.71,10.04,0.9,6,61
10/25/2017 05:22:14,1,145,24,8.99,5.27,5.57,0.092,0.0402,0.46,283,315,371,-1.06,-0.3,598,14.96,9.04,5414,13,21,18,23,13,14,0.67,0.34,0.69,0.06,8,0
10/25/2017 08:21:50,1,161,25,10.08,6.9,6.52,0.058,0.0443,0.53,295,337,44,-0.61,0.38,612,15.42,9.28,5688,17,28,23,31,16,12,1.55,0.48,1.56,0.09,7,79
10/25/2017 15:51:47,0,180,28,6.15,6.48,5.84,-0.077,0.0292,0.469,299,350,51,-0.19,0.64,631,15.84,9.42,5951,8,13,8,19,10,4,0.9,0.16,0.9,0.03,7,66
10/25/2017 21:12:09,0,333,43,11.51,6.05,6.39,0.127,0.0875,0.52,302,342,60,-0.62,-0.34,612,15.41,9.28,5681,106,156,81,167,59,65,32.45,8.5,33.43,2.64,7,49
10/25/2017 22:06:15,0,143,23,8.94,5.52,5.93,0.061,0.0351,0.478,316,364,39,-0.29,-0.42,627,15.74,9.38,5886,11,19,8,33,9,12,1.38,0.24,1.38,0.08,9,84
10/26/2017 00:44:09,0,161,25,9.5,6.44,6.61,-0.046,0.0381,0.523,286,348,795,0.26,-0.17,643,16.28,9.67,6232,24,35,19,34,15,22,1.43,1.23,1.45,0.16,4,0
10/26/2017 01:29:37,0,300,40,11.89,5.94,5.92,0.016,0.0765,0.469,272,334,28,0.23,0.03,643,16.26,9.66,6216,42,64,18,78,23,25,6.54,1.94,6.66,0.6,7,118
10/26/2017 08:36:09,0,333,43,10.77,5.82,6.18,0.089,0.0827,0.506,304,341,28,-0.8,-0.37,606,15.23,9.18,5573,98,143,88,152,62,68,22.47,7.1,23.3,2.16,9,118
10/27/2017 02:09:19,1,275,40,11.07,7.4,7.29,0.087,0.0698,0.574,291,357,57,0.45,0.11,647,16.48,9.81,6356,70,104,72,99,50,76,24.37,15.83,28.87,1.45,7,80
10/27/2017 02:42:48,0,270,35,9.35,7.34,7.27,0.078,0.0517,0.572,272,338,484,0.42,0.07,647,16.45,9.79,6337,55,84,34,100,37,38,12.11,5.88,13.34,1.09,6,0
10/27/2017 03:48:21,1,299,40,11.46,5.42,5.84,0.05,0.0741,0.464,291,351,60,0.18,-0.43,640,16.21,9.65,6184,22,33,48,54,19,14,5.88,1.11,5.98,0.27,9,52
10/27/2017 04:17:05,1,175,28,8.08,4.76,5.22,-0.002,0.037,0.416,306,362,341,0.03,-0.46,637,16.05,9.54,6086,5,8,2,21,5,7,0.64,0.12,0.64,0.03,9,0
10/27/2017 04:51:58,1,282,32,10.8,6.22,6.72,0.023,0.0584,0.539,292,343,434,-0.18,-0.49,631,15.85,9.43,5956,51,79,70,95,27,35,16.72,5,17.03,0.81,7,0
10/27/2017 05:44:44,0,293,40,11.05,6.19,5.79,0.055,0.0767,0.469,258,301,61,-0.49,0.4,616,15.53,9.35,5760,45,60,9,92,32,24,6.6,2.37,6.71,0.55,8,50
